{
    "ModClothingComponent": {
                                "DisplayNameLocalizationId" : "GAMEPLAY_BeanieCap",
                                "DescriptionLocalizatonId" : "GAMEPLAY_BeanieCapDescription",
                                "InventoryActionLocalizationId" : "",
                                "WeightKG": 0.15,
                                "DaysToDecay" : 0,
                                "MaxHP" : 100,
                                "InitialCondition" : "Random",
                                "InventoryCategory" : "Clothing",
                                "Radial" : "None",
                                "PickUpAudio" : "",
                                "PutBackAudio" : "",
                                "StowAudio" : "Play_InventoryStow",
                                "WornOutAudio" : "",
                                "InspectOnPickup" : true,
                                "InspectDistance" : 0.4,
                                "InspectAngles" : [0, 0, 0],
                                "InspectOffset" : [0, -0.07, 0],
                                "InspectScale" :  [0.8, 0.8, 0.8],
                                "NormalModel" : "BeanieCap_normal",
                                "InspectModel" : "BeanieCap_inspect",

                                "Region" : "Head",
                                "MinLayer" : "Mid",
                                "MaxLayer" : "Mid",
                                "MovementSound" : "None",
                                "Footwear" : "None",
                                "DaysToDecayWornOutside" : 150,
                                "DaysToDecayWornInside" : 500,
                                "Warmth" : 1.5,
                                "WarmthWhenWet" : 1,
                                "Windproof" : 1,
                                "Waterproofness" : 60,
                                "Toughness" : 1,
                                "SprintBarReduction" : 0,
                                "DecreaseAttackChance" : 0,
                                "IncreaseFleeChance" : 0,
                                "HoursToDryNearFire" : 1,
                                "HoursToDryWithoutFire" : 2,
                                "HoursToFreeze" : 1,
                                "MainTexture" : "CLTH_Hed_BeanieCap_HMM_",
                                "BlendTexture" : "clth_blend_all_M_",
                                "DrawLayer" : 52,
                                "ImplementationType" : ""
                            },
    "ModHarvestableComponent": {
                                "Audio" : "",
                                "Minutes" : 10,
                                "YieldCounts" : [1],
                                "YieldNames" : ["GEAR_Cloth"],
                                "RequiredToolNames" : []
                            },
    "ModRepairableComponent" : {
                                "Audio" : "",
                                "Minutes" : 60,
                                "Condition" : 40,
                                "RequiredTools" : ["GEAR_SewingKit","GEAR_HookAndLine"],
                                "MaterialNames" : ["GEAR_Cloth"],
                                "MaterialCounts" : [1]
                            }
}