{
    "ModClothingComponent" : {
                            "DisplayNameLocalizationId" : "GAMEPLAY_SkiGoggles",
                            "DescriptionLocalizatonId" : "GAMEPLAY_SkiGogglesDescription",
                            "InventoryActionLocalizationId" : "",
                            "WeightKG": 0.2,
                            "DaysToDecay" : 0,
                            "MaxHP" : 100,
                            "InitialCondition" : "Random",
                            "InventoryCategory" : "Clothing",
                            "Radial" : "None",
                            "PickUpAudio" : "",
                            "PutBackAudio" : "",
                            "StowAudio" : "Play_InventoryStow",
                            "WornOutAudio" : "",
                            "InspectOnPickup" : true,
                            "InspectDistance" : 0.5,
                            "InspectAngles" : [15, 135, -20],
                            "InspectOffset" : [0, -0.05, 0],
                            "InspectScale" :  [1, 1, 1],
                            "NormalModel" : "",
                            "InspectModel" : "",

                            "Region" : "Accessory",
                            "MinLayer" : "Base",
                            "MaxLayer" : "Base",
                            "MovementSound" : "None",
                            "Footwear" : "None",
                            "DaysToDecayWornOutside" : 365,
                            "DaysToDecayWornInside" : 730,
                            "Warmth" : 0.5,
                            "WarmthWhenWet" : 0.25,
                            "Windproof" : 1,
                            "Waterproofness" : 50,
                            "Toughness" : 3,
                            "SprintBarReduction" : 0,
                            "DecreaseAttackChance" : 0,
                            "IncreaseFleeChance" : 0,
                            "HoursToDryNearFire" : 1,
                            "HoursToDryWithoutFire" : 5,
                            "HoursToFreeze" : 1,
                            "MainTexture" : "clth_hed_skigoggles_HMM_",
                            "BlendTexture" : "clth_blend_all_M_",
                            "DrawLayer" : 41,
                            "ImplementationType" : "ClothingPack.SkiGogglesImplementation"
                        },
    "ModHarvestableComponent": {
                            "Audio" : "",
                            "Minutes" : 10,
                            "YieldCounts" : [1],
                            "YieldNames" : ["GEAR_Cloth"],
                            "RequiredToolNames" : []
                        },
    "ModRepairableComponent" : {
                            "Audio" : "",
                            "Minutes" : 60,
                            "Condition" : 40,
                            "RequiredTools" : ["GEAR_SewingKit","GEAR_HookAndLine"],
                            "MaterialNames" : ["GEAR_Cloth"],
                            "MaterialCounts" : [1]
                        }
}