{
    "ModClothingComponent" : {
                            "DisplayNameLocalizationId" : "GAMEPLAY_SkiMask",
                            "DescriptionLocalizatonId" : "GAMEPLAY_SkiMaskDescription",
                            "InventoryActionLocalizationId" : "",
                            "WeightKG": 0.25,
                            "DaysToDecay" : 0,
                            "MaxHP" : 100,
                            "InitialCondition" : "Random",
                            "InventoryCategory" : "Clothing",
                            "Radial" : "None",
                            "PickUpAudio" : "Play_SndInvClothSmall",
                            "PutBackAudio" : "Play_SndInvClothSmall",
                            "StowAudio" : "Play_InventoryStow",
                            "WornOutAudio" : "",
                            "InspectOnPickup" : true,
                            "InspectDistance" : 0.7,
                            "InspectAngles" : [70, 160, 0],
                            "InspectOffset" : [0, 0, 0],
                            "InspectScale" :  [1, 1, 1],
                            "NormalModel" : "",
                            "InspectModel" : "",

                            "Region" : "Head",
                            "MinLayer" : "Base",
                            "MaxLayer" : "Base",
                            "MovementSound" : "None",
                            "Footwear" : "None",
                            "DaysToDecayWornOutside" : 100,
                            "DaysToDecayWornInside" : 400,
                            "Warmth" : 2,
                            "WarmthWhenWet" : 1.5,
                            "Windproof" : 1.5,
                            "Waterproofness" : 30,
                            "Toughness" : 3,
                            "SprintBarReduction" : 0,
                            "DecreaseAttackChance" : 0,
                            "IncreaseFleeChance" : 0,
                            "HoursToDryNearFire" : 2.5,
                            "HoursToDryWithoutFire" : 6.5,
                            "HoursToFreeze" : 2.5,
                            "MainTexture" : "clth_hed_skimask_HMM_",
                            "BlendTexture" : "clth_blend_skimask_M_",
                            "DrawLayer" : 20,
                            "ImplementationType" : ""
                        },
    "ModHarvestableComponent": {
                            "Audio" : "",
                            "Minutes" : 10,
                            "YieldCounts" : [1],
                            "YieldNames" : ["GEAR_Cloth"],
                            "RequiredToolNames" : []
                        },
    "ModRepairableComponent" : {
                            "Audio" : "",
                            "Minutes" : 60,
                            "Condition" : 50,
                            "RequiredTools" : ["GEAR_SewingKit","GEAR_HookAndLine"],
                            "MaterialNames" : ["GEAR_Cloth"],
                            "MaterialCounts" : [1]
                        }
}